,rank,songname,artist,urls,lyrics_raw
0,,,,,"[Verse 1] / Loving can hurt, loving can hurt sometimes / But it's the only thing that I know / When it gets hard, you know it can get hard sometimes / It's the only thing that makes us feel alive / [Pre-Chorus] / We keep this love in a photograph / We made these memories for ourselves / Where our eyes are never closing / Our hearts were never broken / And time's forever frozen, still / [Chorus 1] / So you can keep me / Inside the pocket of your ripped jeans / Holding me close until our eyes meet / You won't ever be alone, wait for me to come home / [Verse 2] / Loving can heal, loving can mend your soul / And it's the only thing that I know / I swear it will get easier, remember that with every piece of ya / And it's the only thing to take with us when we die / [Pre-Chorus] / We keep this love in a photograph / We made these memories for ourselves / Where our eyes are never closing / Our hearts were never broken / And time's forever frozen, still / [Chorus 2] / So you can keep me / Inside the pocket of your ripped jeans / Holding me close until our eyes meet / You won't ever be alone / And if you hurt me, that's okay baby / Only words bleed inside these pages / You just hold me / And I won’t ever let you go / Wait for me to come home / Wait for me to come home / Wait for me to come home / Wait for me to come home / [Bridge] / Oh you can fit me / Inside the necklace you got when you were sixteen / Next to your heartbeat where I should be / Keep it deep within your soul / And if you hurt me, that's okay baby / Only words bleed inside these pages / You just hold me / And I won’t ever let you go / [Outro] / When I'm away, I will remember how you kissed me / Under the lamppost back on Sixth street / Hearing you whisper through the phone / Wait for me to come home"
1,,,,,"[Verse 1] / Hello, it's me / I was wondering if after all these years / You'd like to meet, to go over everything / They say that time's supposed to heal ya / But I ain't done much healing / Hello, can you hear me? / I'm in California dreaming / About who we used to be / When we were younger and free / I've forgotten how it felt / Before the world fell at our feet / There's such a difference between us / And a million miles / [Chorus] / Hello from the other side / I must've called a thousand times / To tell you I'm sorry / For everything that I've done / But when I call, you never seem to be home / Hello from the outside / At least I can say that I've tried / To tell you I'm sorry, for breaking your heart / But it don't matter / It clearly doesn't tear you apart anymore / [Verse 2] / Hello, how are you? / It's so typical of me to talk about myself, I'm sorry / I hope that you're well / Did you ever make it out of that town / Where nothing ever happened? / It's no secret / That the both of us are running out of time / [Chorus] / So hello from the other side / I must've called a thousand times / To tell you I'm sorry / For everything that I've done / But when I call, you never seem to be home / Hello from the outside / At least I can say that I've tried / To tell you I'm sorry, for breaking your heart / But it don't matter / It clearly doesn't tear you apart anymore / [Bridge] / Ooooohh, anymore / Ooooohh, anymore / Ooooohh, anymore / Anymore / [Chorus] / Hello from the other side / I must've called a thousand times / To tell you I'm sorry / For everything that I've done / But when I call, you never seem to be home / Hello from the outside / At least I can say that I've tried / To tell you I'm sorry, for breaking your heart / But it don't matter / It clearly doesn't tear you apart anymore / [Produced by Greg Kurstin] / [Music Video]"
2,,,,,"[Music Video] / [Verse 1] / I thought that I've been hurt before / But no one's ever left me quite this sore / Your words cut deeper than a knife / Now I need someone to breathe me back to life / [Pre-Chorus] / Got a feeling that I'm going under / But I know that I'll make it out alive / If I quit calling you my lover / Move on / [Chorus] / You watch me bleed until I can't breathe, shaking / Falling onto my knees / And now that I'm without your kisses / I'll be needing stitches / Tripping over myself, aching / Begging you to come help / And now that I'm without your kisses / I'll be needing stitches / [Verse 2] / Just like a moth drawn to a flame / Oh, you lured me in I couldn't sense the pain / Your bitter heart, cold to the touch / Now I'm gonna reap what I sow / I'm left seeing red on my own / [Pre-Chorus] / Got a feeling that I'm going under / But I know that I'll make it out alive / If I quit calling you my lover / Move on / [Chorus] / You watch me bleed until I can't breathe, shaking / Falling onto my knees / And now that I'm without your kisses / I'll be needing stitches / Tripping over myself, aching / Begging you to come help / And now that I'm without your kisses / I'll be needing stitches / [Bridge] / Needle and the thread, gotta get you out of my head / Needle and the thread, gonna wind up dead / Needle and the thread, gotta get you out of my head / Needle and the thread, gonna wind up dead / Needle and the thread, gotta get you out of my head / Needle and the thread, gonna wind up dead / Needle and the thread, gotta get you out of my head / Get you out of my head / [Chorus] / You watch me bleed until I can't breathe, shaking / Falling onto my knees / And now that I'm without your kisses / I'll be needing stitches / Tripping over myself, aching / Begging you to come help / And now that I'm without your kisses / I'll be needing stitches / [Refrain] / Now that I'm without your kisses / I'll be needing stitches / Now that I'm without your kisses / I'll be needing stitches"
3,,,,,"[Verse 1] / Bed, stay in bed / The feeling of your skin locked in my head / Smoke, smoke me broke / I don't care, I'm down for what you want / [Pre-Chorus] / Day drunk into the night, wanna keep you here / Cause you dry my tears, yeah / Summer lovin' and fights, how it is for us / And it's all because / [Chorus] / Now if we're talking body / You got a perfect one, so put it on me / Swear it won't take you long / If you love me right, we fuck for life / On and on and on / Now if we're talking body / You got a perfect one, so put it on me / Swear it won't take you long / If you love me right, we fuck for life / On and on and on / [Verse 2] / Love, give me love / Anything you want I'll give it up / Lips, lips I kiss / Bite me while I taste your fingertips / [Pre-Chorus] / Day drunk into the night, wanna keep you here / Cause you dry my tears, yeah / Summer lovin' and fights, how it is for us / And it's all because / [Chorus] / Now if we're talking body / You got a perfect one, so put it on me / Swear it won't take you long / If you love me right, we fuck for life / On and on and on / Now if we're talking body / You got a perfect one, so put it on me / Swear it won't take you long / If you love me right, we fuck for life / On and on and on / [Bridge] / Bodies, our baby making bodies we just use for fun / Bodies, let's use 'em up 'til every little piece is gone / (Let's go) On and on and on / (Let's go) On and on / (Let's go) / [Chorus] / Now if we're talking body / You got a perfect one, so put it on me / Swear it won't take you long / If you love me right, we fuck for life / On and on and on / Now if we're talking body / You got a perfect one, so put it on me / Swear it won't take you long / If you love me right, we fuck for life / On and on and on / [Chorus] / Now if we're talking body / Put it on me / If you love me right, we fuck for life / On and on and on / Now if we're talking body / You got a perfect one so put it on me / Swear it won't take you long / If you love me right, we fuck for life / On and on and on"
4,,,,,"[Verse 1] / I don't like the way he’s looking at you / I'm starting to think you want him too / Am I crazy? Have I lost ya? / Even though I know you love me, can't help it / [Pre-Chorus] / I turn my chin music up / And I'm puffing my chest / I’m getting red in the face / You can call me obsessed / It’s not your fault that they hover / I mean no disrespect / It's my right to be hellish / I still get jealous / [Chorus] / Cause you're too sexy, beautiful / And everybody wants a taste / That’s why I still get jealous / Cause you're too sexy, beautiful / And everybody wants a taste / That's why I still get jealous / [Verse 2] / I wish you didn't have to post it all / I wish you'd save a little bit just for me / Protective or possessive? Girl / Call it passive or aggressive? / [Pre-Chorus] / I turn my chin music up / And I'm puffing my chest / I’m getting red in the face / You can call me obsessed / It’s not your fault that they hover / I mean no disrespect / It's my right to be hellish / I still get jealous / [Chorus] / Cause you're too sexy, beautiful / And everybody wants a taste / That’s why I still get jealous / Cause you're too sexy, beautiful / And everybody wants a taste / That's why I still get jealous / [Bridge] / We're the only ones invited / Say there's no one else for you / Cause you know I get excited, yeah / When you get jealous too / [Pre-Chorus] / I turn my chin music up / And I'm puffing my chest / I’m getting red in the face / You can call me obsessed / It's not your fault that they hover / I mean no disrespect / It's my right to be hellish / I still get jealous / [Chorus] / Cause you're too sexy, beautiful / And everybody wants a taste / That’s why I still get jealous / Cause you're too sexy, beautiful / And everybody wants a taste / That's why I still get jealous / [Outro] / Oh, that's why I still get jealous / Oh, that's why I still get jealous"
5,,,,,"[Pre-Chorus: Ne-Yo] / I know my rent was gon' be late bout a week ago / I worked my ass off, but I still can't pay it though / But I got just enough / To get off in this club / Have me a good time, before my time is up / Hey, let's get it now / [Chorus: Ne-Yo] / Oooh!!  I want the time of my life / Oh baby ooh give me the time of my life / Let's get it now / [Verse 1: Pitbull] / Mr. Worldwide / Ne-yo / This is the last $20 I got / But I'mma have a good time ballin' or out / Tell the bartender, line up some shots / Cause I'mma get loose tonight / She's on fire, she's so hot / I'm no liar, she burn up the spot / Look like Mariah, I took another shot / Told her drop, drop, drop, drop it like it's hot / Dirty talk, dirty dance / She a freaky girl and I'm a freaky man / She on the rebound, broke up with her ex / And I'm like Rodman, ready on deck / I told her I wanna ride out, and she said yes / We didn't go to church, but I got blessed / [Pre-Chorus: Ne-Yo] / I know my rent was gon' be late bout a week ago / I worked my ass off, but I still can't pay it though / But I got just enough / To get off in this club / Have me a good time, before my time is up / Hey, let's get it now / [Chorus: Ne-Yo] / Oooh!!  I want the time of my life / Oh baby ooh give me the time of my life / Let's get it now / [Verse 2: Pitbull] / Tonight I'mma lose my mind / Better get yours cause I'm gonna get mine / Party every night, like my last / Mami know the drill, shake that ass / Go ahead baby let me see what you got / You know you got the biggest booty in this spot / And I just wanna see that thing drawwwwp / From the back to the front to the top / You know me I'm off in the cut / Always like a squirrel, looking for a nut / This isn't for show I'm not talking 'bout luck / I'm not talking 'bout love, I'm talking 'bout lust / Now let's get loose, have some fun / Forget about bills and the first of the month / It's my night, your night, our night, let's turn it up / [Pre-Chorus: Ne-Yo] / I know my rent was gon' be late bout a week ago / I worked my ass off, but I still can't pay it though / But I got just enough / To get off in this club / Have me a good time, before my time is up / Hey, let's get it now / [Chorus: Ne-Yo] / Oooh!!  I want the time of my life / Oh baby ooh give me the time of my life / Let's get it now / [Bridge: Ne-Yo] / Everybody’s gone through something / (Everybody’s gone through something) / I said, everybody’s gone through something / (Everybody’s gone through something) / So you might as well you roll it up / Pour it up, drink it up, throw it up tonight / I said, everybody gone through something / (Everybody’s gone through something) / Said, everybody gone through something / (Everybody’s gone through something) / So you might as well you roll it up / Pour it up, drink it up, throw it up tonight / [Break: Pitbull] / This for everybody going through tough times / Believe me, been there, done that / But every day above ground is a great day, remember that—Dale! / [Pre-Chorus: Ne-Yo] / I know my rent was gon' be late bout a week ago / I worked my ass off, but I still can't pay it though / But I got just enough / To get off in this club / Have me a good time, before my time is up / Hey, let's get it now / [Chorus: Ne-Yo] / Oooh!!  I want the time of my life / Oh baby ooh give me the time of my life / Let's get it now"
6,,,,,"[Produced by Cirkut & Dr. Luke] / [Chorus: Adam Levine] / If I got locked away / And we lost it all today / Tell me honestly, would you still love me the same? / If I showed you my flaws / If I couldn't be strong / Tell me honestly, would you still love me the same? / [Verse 1: R. City] / Right about now / If a judge 'for life' me, would ya stay by my side? / Or is you gonna say goodbye? / Can you tell me right now? / If I couldn't buy you the fancy things in life / Shawty, would it be alright? / Come on show me that you are down / [Pre-Chorus: R. City] / Now tell me would you really ride for me? / Baby tell me would you die for me? / Would you spend your whole life with me? / Would you be there to always hold me down? / Tell me would you really cry for me? / Baby don't lie to me / If I didn't have anything / I wanna know, would you stick around? / [ / Chorus: Adam Levine / ] / If I got locked away / And we lost it all today / Tell me honestly, would you still love me the same? / If I showed you my flaws / If I couldn't be strong / Tell me honestly, would you still love me the same? / [Verse 2: R. City] / Skilidi dong dong dong dang / All I want is somebody real, who don't need much / A gyal I know that I can trust / To be here when money low / If I did not have nothing else to give but love / Would that even be enough? / Gyal me need fi know / [Pre-Chorus: R. City] / Now tell me would you really ride for me? / Baby tell me would you die for me? / Would you spend your whole life with me? / Would you be there to always hold me down? / Tell me would you really cry for me? / Baby don't lie to me / If I didn't have anything / I wanna know, would you stick around? / [Chorus: Adam Levine] / If I got locked away / And we lost it all today / Tell me honestly, would you still love me the same? / If I showed you my flaws / If I couldn't be strong / Tell me honestly, would you still love me the same? / [Bridge: R. City] / Tell me, tell me, would you want me? / Tell me, tell me, would you call me? / If you knew I wasn't / balling / Cause I need a gyal who's always by my side / Tell me, tell me, do you need me? / Tell me, tell me, do you love me? / Or is you just tryna play me? / Cause I need a gyal to hold me down for life / [Chorus: Adam Levine] / If I got locked away / And we lost it all today / Tell me honestly would you still love me the same? / If I showed you my flaws / If I couldn't be strong / Tell me honestly, would you still love me the same? / [Chorus: Adam Levine] / If I got locked away / And we lost it all today / Tell me honestly would you still love me the same? / If I showed you my flaws / If I couldn't be strong / Tell me honestly, would you still love me the same?"
7,,,,,"[Intro] / Come on / Natalie La Rose / [Chorus: Jeremih] / I wanna rock with somebody / I wanna take shots with somebody / I wanna leave with somebody / And we ain't gonna tell nobody, we ain't gonna tell nobody / [Verse 1: Natalie La Rose] / Walk in, everybody knows what's good / But some gonna hate, what's new? / We just do our thing, no time to waste / Always play it cool / [Pre-Chorus: Natalie La Rose (Jeremih)] / And at the end of the night when the lights go out / Will we turn down? Oh no we won't / (We ain't never turnin' down, we ain't never turnin' down) / And when they try to make us leave / We turn and say we never going home / (And you know just what I wanna do) / [Chorus: Jeremih] / I wanna rock with somebody / I wanna take shots with somebody / I wanna leave with somebody / And we ain't gotta tell nobody, we ain't gotta tell nobody / [Verse 2: Natalie La Rose] / Walk in, everybody know what's good / We're our only plug / Bring us everything we think we need / Tonight is goin' up / Tonight is goin' up / [Pre-Chorus: Natalie La Rose (Jeremih)] / And at the end of the night when the lights go out / Will we turn down? Oh no we won't / (We ain't never turnin' down, we ain't never turnin' down) / And when they try to make us leave / We turn and say we never going home / (And you know just what I wanna do) / [Chorus: Jeremih] / I wanna rock with somebody / I wanna take shots with somebody / I wanna leave with somebody / And we ain't gotta tell nobody, we ain't gotta tell nobody / [Bridge: Natalie La Rose] / In the club like what / We be in the party in the club like what / And the club like / We be in the city going dumb like what / In the club like what / We be in the party in the club like what / We be in the city going dumb like what / We be in the party in the club like what / [Pre-Chorus: Natalie La Rose (Jeremih)] / And at the end of the night when the lights go out / Will we turn down? Oh no we won't / (We ain't never turnin' down, we ain't never turnin' down) / And when they try to make us leave / We turn and say we never going home / (And you know just what I wanna do) / [Chorus: Jeremih] / I wanna rock with somebody / I wanna take shots with somebody / I wanna leave with somebody / And we ain't gotta tell nobody, we ain't gotta tell nobody"
8,,,,,"[Produced by Dallas Austin, Mike Dean & Paul McCartney] / [Video directed by Inez and Vinoodh] / [Verse 1: Rihanna] / I think I've had enough / I might get a little drunk / I say what's on my mind / I might do a little time / Cause all of my kindness / Is taken for weakness / [Chorus: Rihanna] / Now I'm FourFiveSeconds from wildin' / And we got three more days 'til Friday / I'm just tryna make it back home by Monday mornin' / I swear I wish somebody would dare me / Ooh, that's all I want / [Verse 2: Kanye West & / Paul McCartney / ] / Woke up an optimist / Sun was shinin', I'm positive / We can run / Then I heard you was talkin' trash / I'm on a mystery / Hold me back, I'm 'bout to spaz / [Chorus: Rihanna and Kanye] / Yeah, 'bout FourFiveSeconds from wildin' / And we got three more days ‘til Friday / I’m tryna make it back home by Monday mornin' / I swear I wish somebody would try me / Ooh, that’s all I want / [Bridge: Rihanna] / And I know that you're up tonight / Thinkin', ""How could I be so selfish?"" / But you called 'bout a thousand times / Wondering where I've been / Now I know that you're up tonight / Thinkin' ""How could I be so reckless?"" / But I just can't apologize / I hope you can understand / [Verse 3: Kanye West] / If I go to jail tonight / Promise you'll pay my bail / See they want to buy my pride / But that just ain't up for sale / See all of my kindness / Is taken for weakness / [Chorus: Rihanna and Kanye] / Now I'm FourFiveSeconds from wildin' / And we got three more days 'til Friday / I'm just tryna make it back home by Monday mornin' / I swear I wish somebody would tell me / Ooh, that's all I want / FourFiveSeconds from wildin' / And we got three more days 'til Friday / I'm just tryna make it back home by Monday mornin' / I swear I wish somebody would tell me / Cause that's all I want"
9,,,,,"[Intro] / Du du du du-du du du / Du du du du du-du du du / [Chorus] / Some legends are told / Some turn to dust or to gold / But you will remember me / Remember me, for centuries / Just one mistake / Is all it will take / We'll go down in history / Remember me for centuries / Hey, hey, hey / Remember me for centuries / [Verse 1] / Mummified my teenage dreams / No, it’s nothing wrong with me / The kids are all wrong, the story’s all off / Heavy metal broke my heart / Come on, come on, and let me in / Bruises on your thighs like my fingerprints / And this is supposed to match / The darkness that you felt / I never meant for you to fix yourself / [Chorus] / [Verse 2] / And I can't stop 'til the whole world knows my name / Cause I was only born inside my dreams / Until you die for me, as long as there's a light, my shadow's over you / Cause I am the opposite of amnesia / And you're a cherry blossom / You're about to bloom / You look so pretty, but you're gone so soon / [Chorus] / [Bridge] / We’ve been here forever / And here’s the frozen proof / I could scream forever / We are the poisoned youth / [Chorus]"
10,,,,,"[Intro: Fetty Wap] / Ayy, yeah, baby / Squaaa, ayy, ayy / [Hook: Fetty Wap] / Baby, won't you come my way? / Got something I want to say / Cannot keep you out my brain / But first off I'mma start by sayin' this, ayy / All headshots if you think you could take my bitch, ayy / And I'm too turnt, when I shoot, swear I won't miss, ayy / Ba-Baby, won't you come my way? / Baby, won't you come my way? / [Verse 1: Fetty Wap] / Ba-Ba-Baby / This is something you should know / I don't ever chase no hoes / I spotted you, you had that glo / Watch me pull out all this dough / Take you where you want to go / Flexin' on your ex, I know / He ain't ever take you out / Barely even left your house / How dare that nigga run his mouth / When his pockets in a drought? / The last single he put out / Didn't even make it out / And he dumb as hell and I swear his ass don't think, ayy / If he disrespect, two shots and I won't blink, ayy / Never really cared what the fuck these niggas think, ayy / I got deep pockets, I swear my shit's on sink, ayy / And he mad as fuck, big ZooWap all she sing, ayy / And he mad as fuck, big ZooWap in her dreams, ayy / Well, he mad as fuck, when they sex she scream for me, ayy / Big ZooWap what these niggas should be, ayy / [Hook: Fetty Wap] / Baby, won't you come my way? / Got something I want to say / Cannot keep you out my brain / But first off I'mma start by sayin' this, ayy / All headshots if you think you could take my bitch, ayy / And I'm too turnt, when I shoot, swear I won't miss, ayy / Ba-Baby, won't you come my way? / Baby, won't you come my way? / [Verse 2: Monty] / Oh, baby girl, you can stay the night 'til the morn' / All this ice on my arm, what you like, what you want? / And I might put you on, bitch, it's mine can't you see? / And I rock seventeen, all these knots in my jeans / Me and Zoo turnin' up, / got your boo in the cut / And she sue cause it's looking like the roof going up / Counting all this bread, I don't talk to feds / Try and take my bitch, you gonna take two to the head / Cause baby you the baddest, / all this money, I'mma cash it / And I'm swervin' all in traffic / While I'm trapping out the mansion / And I'm moving through the tri-state / Do two-hundred on the highway / And I'm swerving in my i8 / Baby, you should come my way / Squad!"
11,,,,,"[Verse 1] / I don't know if you were looking at me or not / You probably smile like that all the time / And I don't mean to bother you but / I couldn't just walk by / And not say hi / And I know your name / Cause everybody in here knows your name / And you're not looking for anything right now / So I don't wanna come on strong / Don't get me wrong / Your eyes are so intimidating / My heart is pounding but / It's just a conversation / No girl I'm not wasted / You don't know me / I don't know you but I want to / [Chorus] / I don't wanna steal your freedom / I don't wanna change your mind / I don't have to make you love me / I just want to take your time / I don't wanna wreck your Friday / I ain't gonna waste my lines / I don't have to take your heart / I just wanna take your time / [Verse 2] / And I know it starts with hello / And the next thing you know you're try to be nice / And some guys getting too close / Trying to pick you up / Trying to get you drunk / And I'm sure one of your friends is about to come over here / Cause she's supposed to save you from random guys / That talk too much and wanna stay too long / It's the same old song and dance but I think you know it well / You could've rolled your eyes / Told me to go to hell / Could've walked away / But you're still here / And I'm still here / Come on let's see where it goes / [Chorus 2] / I don't wanna steal your freedom / I don't wanna change your mind / I don't have to make you love me / I just wanna take your time / I don't have to meet your mother / We don't have to cross that line / I don't wanna steal your covers / I just wanna take your time / [Bridge] / I don't wanna go home with you / I just wanna be alone with you / [Chorus 3] / I don't wanna steal your freedom / I don't wanna change your mind / I don't have to make you love me / I just wanna take your time / I don't wanna blow your phone up / I just wanna blow your mind / I don't have to take your heart / I just wanna take your time / No, I ain't gotta call you baby / And I ain't gotta call you mine / I don't have to take your heart / I just wanna take your time"
12,,,,,"[Chorus] / Baby, I'm preying on you tonight / Hunt you down, eat you alive / Just like animals, animals, like animals-mals / Maybe you think that you can hide / I can smell your scent for miles / Just like animals, animals, like animals-mals / Baby, I'm... / [Verse 1] / So what you trying to do to me? / It's like we can't stop, we're enemies / But we get along when I'm inside you / You're like a drug that's killing me / I cut you out entirely / But I get so high when I'm inside you / [Pre-Chorus] / Yeah, you can start over, you can run free / You can find other fish in the sea / You can pretend it's meant to be / But you can't stay away from me / I can still hear you making that sound / Taking me down, rolling on the ground / You can pretend that it was me, but no, oh / [Chorus] / Baby, I'm preying on you tonight / Hunt you down, eat you alive / Just like animals, animals, like animals-mals / Maybe you think that you can hide / I can smell your scent for miles / Just like animals, animals, like animals-mals / Baby, I'm... / [Verse 2] / So if I run, it's not enough / You're still in my head, forever stuck / So you can do what you wanna do / I love your lies, I'll eat 'em up / But don't deny the animal / That comes alive when I'm inside you / [Pre-Chorus] / Yeah, you can start over, you can run free / You can find other fish in the sea / You can pretend it's meant to be / But you can't stay away from me / I can still hear you making that sound / Taking me down, rolling on the ground / You can pretend that it was me, but no, oh / [Chorus] / Baby, I'm preying on you tonight / Hunt you down, eat you alive / Just like animals, animals, like animals-mals / Maybe you think that you can hide / I can smell your scent for miles / Just like animals, animals, like animals-mals / Baby, I'm... / [Bridge] / Don't tell no lies, lie, lie, lie / You can't deny-ny-ny-ny / The beast inside, si-si-side / Yeah, yeah, yeah / No girl don't lie, lie, lie, lie / You can't deny-ny-ny-ny / The beast inside, si-si-side / Yeah, yeah, yeah / [Breakdown] / Just like animals, animals, like animals-mals / Just like animals, animals, like animals-mals / [Chorus] / Baby, I'm preying on you tonight / Hunt you down, eat you alive / Just like animals, animals, like animals-mals / Maybe you think that you can hide / I can smell your scent for miles / Just like animals, animals, like animals-mals / Baby, I'm... / [Bridge] / Don't tell no lies, lie, lie, lie / You can't deny-ny-ny-ny / The beast inside, si-si-side / Yeah, yeah, yeah / No girl don't lie, lie, lie, lie / You can't deny-ny-ny-ny / The beast inside, si-si-side / Yeah, yeah, yeah"
13,,,,,"[Produced By DJ Mustard, Kanye West & DJ Dahi] / [Pre-Hook: Big Sean] / Uh, fuck, / I don't fuck with you / You lil stupid ass bitch, I ain't fuckin' with you / You lil, you lil dumb ass bitch, I ain't fuckin' with you / I got a million trillion things I'd rather fuckin' do / Than to be fuckin' with you, lil stupid ass / [Hook: Big Sean] / I don't give a fuck, I don't give a fuck / I don't, I don't, I don't give a fuck / Bitch, I don't give a fuck about you / Or anything that you do / Don't give a fuck about you, or anything that you do / [Verse 1: Big Sean] / I heard you got a new man, I see you takin' a pic / Then you post it up, thinkin' that it's makin' me sick / I see you callin', I be makin' it quick / I'ma answer that shit, like, ""I don't fuck with you."" / Bitch, I got no feelings to go / I swear I had it up to here, I got no ceilings to go / I mean, for real, fuck how you feel / Fuck your two cents if it ain't goin' towards the bill / Yeah, and everyday I wake up celebratin' shit / Why? ‘Cause I just dodged a bullet from a crazy bitch / I stuck to my guns, that's what made me rich / That's what put me on, that's what got me here / That's what made me this / And everything that I do is my first name (B-I-G) / These hoes chase bread, aw damn, she got a bird brain / Ain't nothin' but trill in me, aw man, silly me / I just bought a crib, three stories; that bitch a trilogy / And you know I'm rollin' weed that's fuckin' up the ozone / I got a bitch that text me she ain't got no clothes on / And then another one text, then your ass next / And I'ma text your ass back, like… / [Pre-Hook: Big Sean] / I don't fuck with you / You lil stupid ass bitch, I ain't fuckin' with you / You lil, you lil dumb ass bitch, I ain't fuckin' with you / I got a million trillion things I'd rather fuckin' do / Than to be fuckin' with you, lil stupid ass / [Hook: Big Sean] / I don't give a fuck, I don't give a fuck / I don't, I don't, I don't give a fuck / Bitch, I don't give a fuck about you / Or anything that you do / Don't give a fuck about you, or anything that you do / [Verse 2: E-40] / Got a million things on my mind, executive deals online / Limited amount of time, chasin' these dollar signs / And you ain't on your grind / You liable to find me up in the MGM casino in the D / Fuckin' off fetti I could've put on property / From the Bay to the Murder Mitten / My niggas put murder missions / She choosin', that's her decision, free my niggas in prison / On the phone with a bitch who can't do shit / For a pimp but make a nigga hella rich / Got a blunt in my dental, blowin' hemp in a rental / On my way to Sacramento, late night; Arsenio / I'm never sentimental, go hard or go homeless / Barely Harley, I'm chromeless, you might end up domeless / I bet you she into me, her cheddar, she givin' me / I'll make a bitch stand outside forever, like the Statue of Liberty / Rest in pimp, Pimp C, underground king of the South / I raise my styrofoam up, and pour some drink in my mouth / Why you always coming around with bad news? / Say you want me to win, but hope I lose / Askin' if I rock with other niggas in the crew / But them niggas cool, it's just that… / [Pre-Hook: Big Sean + (E-40)] / Bitch, I ain't fuckin' with you (Lil biatch!) / You lil stupid ass bitch, I ain't fuckin' with you (Nuh-uh!) / You lil, you lil dumb ass bitch, I ain't fuckin' with you / I got a million trillion things I'd rather fuckin' do / Than to be fuckin' with you, lil stupid ass / [Hook: Big Sean] / I don't give a fuck, I don't give a fuck / I don't, I don't, I don't give a fuck / Bitch, I don't give a fuck about you / Or anything that you do / Don't give a fuck about you, or anything that you do / I don't give a fuck, I don't give a fuck / I don't, I don't, I don't give a fuck / Bitch, I don't give a fuck about you / Or anything that you do / Don't give a fuck about you, or anything that you do / [Verse 3: Big Sean] / I got a new chick that I gotta thank God for / I got a new whip that I gotta thank the lot for / Yeah, I got a lot but want a lot more / Yeah, we in the buildin', but I'm tryna take it to the top floor / I swear I hear some new bullshit every day I'm wakin' up / It seem like nowadays everybody breakin' up / That shit can break you down if you lose a good girl / I guess you need a bad bitch to come around and make it up / I guess drama makes for the best content / Everything got a bad side, even a conscience / Now you're drinkin' 'til you're unconscious / Feel me when you get a fine bitch / Just don't forget to read the fine print / Life got me meditatin', like I'm in the Himalayas / Keep it G with the L lit on me, like the elevator / Yeah, I know that karma's too real / So I hope you doin' cool, but still… / [Outro: Big Sean] / Stupid ass bitch, I ain't fuckin' with you / Little stupid ass… I ain't fuckin with… / I ain't fuckin'… I ain't, I ain't fuckin' with you / I ain't fuckin' with you (Straight up)"
14,,,,,"[Produced by Deputy; Co-produced by Kanye West; Additional production by Travi$ Scott and WondaGurl] / [Intro] / Yayo, yayo / Mula-la / Yayo / [Verse 1] / Bitch better have my money! / Y'all should know me well enough / Bitch better have my money! / Please don't call me on my bluff / Pay me what you owe me / Ballin' bigger than LeBron / Like bra, bra, bra / [Refrain] / Louis XIII, and it's all on me, nigga, you just bought a shot / Kamikaze, if you think that you gon' knock me off the top / Shit, your wife in the backseat of my brand new foreign car / Don't act like you forgot / [Pre-Chorus] / I call the shots, shots, shots / Like bra, bra, bra / Pay me what you owe me, don't act like you forgot / [Chorus] / Bitch better have my money! / Bitch better have my money! / Pay me what you owe me / Bitch better have my (bitch better have my) / Bitch better have my (bitch better have my) / Bitch better have my money! / [Verse 2] / Turn up to Rihanna while the whole club fuckin' wasted / Every time I drop, I am the only thing y'all playin' / In a drop top, doin' hundred, y'all in my rearview mirror racin' / Where y'all at? Where y'all at? Where y'all at? / Like bra, bra, bra / [Refrain] / Louis XIII, and it's all on me, nigga, you just bought a shot / Kamikaze, if you think that you gon' knock me off the top / Shit, your wife in the backseat of my brand new foreign car / Don't act like you forgot / [Chorus] / Bitch better have my money! / Bitch better have my money! / Pay me what you owe me / Bitch better have my (bitch better have my) / Bitch better have my (bitch better have my) / Bitch better have my money! / Bitch better have my money! / Bitch better have my money! / Pay me what you owe me / Bitch better have my (bitch better have my) / Bitch better have my (bitch better have my) / Bitch better have my money! / [Outro] / Bitch better have my money! / Bitch better have my money! / Bitch, bitch, bitch better have my money! / Yo, that bitch better have my money! / Hold up / My money! / Yo, my money! / That bitch better have my money! / Bitch better have my money!"
15,,,,,"[Produced by DJ Spinz & Nitti] / [Intro] / Hey, oh, there it is, there it is, there it is / There it is, there it is (Rich Homie, baby!) / [Hook] / Walked in, thirty thousand in my pocket / Had them niggas just like, ""Ooh, ooh, ooh"" / 50,000 dollars on your bitch, wanna fuck me / Got her screamin' like, ""Ooh, ooh, ooh, ooh"" / Cause I got a check, nigga wanna flex / I ain't gotta flex, boy I got it, ooh, ooh, ooh, ooh / Give that ho some x, she gon' wanna sex every nigga in the set / And now she screamin' like ""Ooh, ooh, ooh"" / [Verse 1] / (How much you made?) Made two million dollars off a mixtape / And I'm fucking like, ooh, ooh, ooh / They try to drop me with a case but you know I had done skated / I was singing like, ooh, ooh, ohh / Boy, I know my role and I play it / If you heard that I'm talking, then I said it / (Quan where you at?) At the top of the loft nigga, I stay / I'm a bad boy but I don't wear big clothes like Ma$e / In the club and a nigga get it boppin' / And that ho, she want a free drink, tell the bitch to get up off me / I'm the nigga to get it poppin', her hair short like Dennis Rodman / At the Clearport nigga, we flying, when I landed, boy I / [Hook] / Walked in, thirty thousand in my pocket / Had them niggas just like, ""Ooh, ooh, ooh"" / $50,000 on your bitch, wanna fuck me / Got her screamin' like, ""Ooh, ooh, ooh, ooh"" / Cause I got a check, nigga wanna flex / I ain't gotta flex, boy I got it, ooh, ooh, ooh, ooh / Give that ho some x, she gon' wanna sex every nigga in the set / And now she screamin' like, ""Ooh, ooh, ooh"" / [Verse 2] / (How much you made?) $100,000 just in two days / (Guess what?) I don't fuck with niggas cause they two-faced / (That's right, that's right) / I only fuck with bitches for their toupee (Their top, nigga) / These Givenchys, I ain't worried about no new Jays / Know this bitch who got a sack and she always got my back / So I love that shit the most / I'm her big dog and she my cat, and she love it from the back / Call her green cause she on go (Green light) / I wear glasses cause I know these niggas watchin' / They mad cause they cannot stop me / Boy stopping is not a option, I can't help it cause I got it / Don't waste time, I got six watches / Talkin' Rolex, yeah, I bought 'em / Now I'm at the top, started from the bottom, then I / [Hook] / Walked in, thirty thousand in my pocket / Had them niggas just like, ""Ooh, ooh, ooh"" / $50,000 on your bitch, wanna fuck me / Got her screamin' like, ""Ooh, ooh, ooh, ooh"" / Cause I got a check, nigga wanna flex / I ain't gotta flex, boy I got it, ooh, ooh, ooh, ooh / Give that ho some x, she gon wanna sex every nigga in the set / And now she screamin' like, ""Ooh, ooh, ooh"" / [Outro] / (How much you made?) $100,000 / (How much, how much you made?) $100,000 / (How much, how much you made?) / Made two million dollars off a mixtape, had them folks like, ""Ooh, ooh, ooh"" / Hey, get at me"
16,,,,,"[Produced by 30 Roc] / [Intro] / Yah, say Roro, you know what it is, right? / Who Is Rickey Wayne? / : The Mixtape / Ya feel me? Yah, ahem / [Verse] / First, let me hop out the muh fuckin' Porsche / I don't want her if that ass don't sit like a horse / I be ballin' on these niggas, got me feelin' like sports / Dash got so much wood I could build me a fort / Ain't too many things I ain't done yet / I'm the king of this shit, crown by the toilet / I'm just barely gettin' started, you already upset / Got a tiger as a pet, I just took him to the vet / Homie, I be makin' hits, I'm the rap Derek Jeter / Let your bitch ride on me like she was on the feeder / If the pussy ain't good then I probably won't feed her / Lil homie, you can keep her cause I really don't need her / I ain't worried 'bout features, homeboy, you's a peon / Toilet seat ass nigga, man, I swear you gettin' peed on / Man, my jewelry so cold, I walk around with the heat on / My alarm clock set, just in case they wanna sleep on, ya dig? / I'm a full-time player, hoppin' out in alligator / Sippin' lean and Now and Later, homie, I'll annihilate ya / If you think you wanna battle, you gon' have to pay some paper / I just hit her and I quit her, I would never ever date her / It's a shame how I'm barely gettin' love in the city / Travel to another town, you can bet they fuckin' with me / I be killin' this shit, pray to God they forgive me / They said, ""when you blow up, don't forget me"", man / I been on fire ever since they made the lighter / My boys will pull up on ya, homie, I ain't talkin' diapers / Walk into your function, on point, I'm like a sniper / My girl bad like Dej Loaf so don't try her / Flexin' all you want but homeboy, you ain't ready / Ten times sharper than Michael Myers' machete / Been about the money, I ain't worried 'bout the fame / 'Bout to have everybody sayin', "" / Who Is Rickey Wayne? / "" / That me..."
17,,,,,"[Verse 1: Nicki Minaj] / Yo! I never fucked Wayne, I never fucked Drake / On my life man, fuck's sake / If I did, I'd ménage with 'em and let 'em eat my ass like a cupcake / My man full, he just ate, I don't duck nobody but tape / Yeah, that was a setup for a punchline on duct tape / Worried 'bout if my butt fake, / worry 'bout y'all niggas, us straight / These girls are my sons, John & Kate Plus Eight / When I walk in, sit up straight, I don't give a fuck if I was late / Dinner with my man on a G5 is my idea of a update / Hut-hut one, hut-hut two, big titties, big butt too / Fuck with them real niggas who don't tell niggas what they up to / Had to show bitches where the top is, ring finger where the rock is / These hoes couldn't test me, even if their name was Pop Quiz / Bad bitches who I fuck with, mad bitches we don't fuck with / I don't fuck with them chickens, unless they last name is Cutlet / Let it soak in like seasoning / And tell them bitches blow me: Lance Stephenson / [Hook: Chris Brown] / Raise every bottle and cup in the sky / Sparks in the air like the Fourth of July / Nothing but bad bitches in here tonight / Oh, if you lame and you know it be quiet / Nothing but real niggas only, bad bitches only / Rich niggas only, independent bitches only / Boss niggas only, thick bitches only / I got my real niggas here by my side, only / [Verse 2: Drake] / I never fucked Nicki, cause she got a man / But when that's over, then I'm first in line / And the other day in her Maybach / I thought, ""god damn, this is the perfect time"" / We had just come from that video / You know LA traffic, how the city slow / She was sitting down on that big butt / But I was still staring at the titties though / Yeah, lowkey or maybe highkey / I been peeped that you like me, you know? / Who the fuck you really wanna be with besides me? / I mean, it doesn’t take much for us to do this shit quietly / I mean, she say I’m obsessed with thick women and I agree / Yeah, that’s right, I like my girls BBW, yeah / Type that wanna suck you dry and then eat some lunch with you / Yeah, so thick that everybody else in the room is so uncomfortable / Ass on Houston Texas, but the face look just like Clair Huxtable / Oh, yeah, you the man in the city when the mayor fuck with you / The NBA players fuck with you / The bad-ass bitches doing makeup and hair fuck with you / Oh, that’s cause I believe in something, I stand for it / And Nicki if you ever tryna fuck just give me the heads-up / So I can plan for it / (Pinkprint, aye) / [Hook: Chris Brown] / Raise every bottle and cup in the sky / Sparks in the air like the Fourth of July / Nothing but bad bitches in here tonight / Oh, if you lame and you know it be quiet / Nothing but real niggas only, bad bitches only / Rich niggas only, independent bitches only / Boss niggas only, thick bitches only / I got my real niggas here by my side, only / [Verse 3: Lil Wayne] / I never fucked Nick' and that's fucked up / If I did fuck, she'd be fucked up / Whoever is hittin' ain't hittin' it right / Cause she actin' like she need dick in her life / That's another story, I'm no story-teller / I piss greatness, like goldish yellow / All my goons so overzealous / I'm from Hollygrove, the holy Mecca / Calendar say I got money for days / I squirm and I shake, but I'm stuck in my ways / My girlfriend will beat a bitch up if she waved / They bet' not fuck with her surfboard, surfboard / My eyes are so bright I take cover for shade / Don't have my money? Take mothers instead / You got the hiccups, you swallowed the truth / Then I make you burp, boy, / treat beef like sirloin / I'm talkin' bout runnin' in houses with army guns / So think about your son and daughter rooms / Got two hoes with me, messed up, they got smaller guns / Ain't thinkin' bout your son and daughter rooms / This shit is crazy, my nigga, I been praising, my nigga / That money talk; I just rephrase it, my nigga / Blood gang, take the ""B"" off behavior, my nigga / For reals, if you mouth off I blow your face off / I mean pop-pop-pop then I take off / Nigga, now you see me, nigga, now you don't / Like Jamie Foxx acting like Ray Charles / 16 in a clip, one in the chamber / 17 Ward bully with 17 bullets / My story is how I went from ""poor me"" / To ""please pour me a drink and celebrate with me"" / [Hook: Chris Brown] / Raise every bottle and cup in the sky / Sparks in the air like the Fourth of July / Nothing but bad bitches in here tonight / Oh, if you lame and you know it be quiet / Nothing but real niggas only, bad bitches only / Rich niggas only, independent bitches only / Boss niggas only, thick bitches only / I got my real niggas here by my side, only"
18,,,,,"[Verse 1] / And another one bites the dust / Oh, why can I not conquer love? / And I might have thought that we were one / Wanted to fight this war without weapons / And I wanted it, I wanted it bad / But there were so many red flags / Now another one bites the dust / Yeah, let's be clear, I'll trust no one / [Pre-Chorus] / You did not break me / I'm still fighting for peace / [Chorus] / I've got a thick skin and an elastic heart / But your blade it might be too sharp / I'm like a rubber band until you pull too hard / Yeah I may snap and I move fast / But you won't see me fall apart / 'Cause I've got an elastic heart / [Post-Chorus] / I've got an elastic heart / Yeah, I've got an elastic heart / [Verse 2] / And I will stay up through the night / Let's be clear, won't close my eyes / And I know that I can survive / I'll walk through fire to save my life / And I want it, I want my life so bad / I'm doing everything I can / Then another one bites the dust / It's hard to lose a chosen one / [Pre-Chorus] / You did not break me / I'm still fighting for peace / [Chorus] / I've got a thick skin and an elastic heart / But your blade it might be too sharp / I'm like a rubber band until you pull too hard / Yeah I may snap and I move fast / But you won't see me fall apart / 'Cause I've got an elastic heart / I've got a thick skin and an elastic heart / But your blade it might be too sharp / I'm like a rubber band until you pull too hard / Yeah I may snap and I move fast / But you won't see me fall apart / 'Cause I've got an elastic heart / I've got a thick skin and an elastic heart / But your blade it might be too sharp / I'm like a rubber band until you pull too hard / Yeah I may snap and I move fast / But you won't see me fall apart / 'Cause I've got an elastic heart / I've got an elastic heart / I've got an elastic heart"
19,,,,,"[Verse 1] / Tell me what you want / What you like / It's okay / I'm a little curious too / Tell me if it's wrong, if it's right / I don't care / I can keep a secret, can you? / [Pre-Chorus] / Got my mind on your body and your body on my mind / Got a taste for the cherry, I just need to take a bite / Don't tell your mother / Kiss one another / Die for each other / We're cool for the summer / [Chorus] / (Ooh, Ooh) / Take me down into your paradise / Don't be scared, cause I'm your body type / Just something that we wanna try / Cause you and I / We're cool for the summer / [Verse 2] / Tell me if I won / If I did, what's my prize? / I just wanna play with you too / Even if they judge, fuck it, I'll do the time / I just wanna have some fun with you / [Pre-Chorus] / Got my mind on your body and your body on my mind / Got a taste for the cherry, I just need to take a bite / Don't tell your mother / Kiss one another / Die for each other / We're cool for the summer / [Chorus] / (Ooh, Ooh) / Take me down into your paradise / Don't be scared, cause I'm your body type / Just something that we wanna try / Cause you and I / We're cool for the summer / We're cool for the summer / We're cool for the summer / This party is awkward to sing live / [Bridge] / Shhhh...don't tell your mother / So Weird / Got my mind on your body and your body on my mind / Got a taste for the cherry, I just need to take a bite / Take me down / [Chorus] / Take me down into your paradise / (Done be scared) Don't be scared, cause I'm your body type / Just something that we wanna try (wanna try) / Cause you and I (you and I) / We're cool for the summer / [Outro] / (Take me down) We're cool for the summer / (Don't be scared) cause I'm your body type / (Just something) Just something that we wanna try / Cause you and I (you and I) / We're cool for the summer / Ooh / We're cool for the summer / Thank you guys so much  once again love you / Confident spotify yeah thank you"
20,,,,,"[Verse 1] / Run away-ay with me / Lost souls in revelry / Running wild and running free / Two kids, you and me / [Chorus] / And I say / Hey, hey hey hey / Living like we're renegades / Hey hey hey / Hey hey hey / Living like we're renegades / Renegades, renegades / [Verse 2] / Long live the pioneers / Rebels and mutineers / Go forth and have no fear / Come close and lend an ear / [Chorus] / And I say / Hey, hey hey hey / Living like we're renegades / Hey hey hey / Hey hey hey / Living like we're renegades / Renegades, renegades / [Verse 3] / All hail the underdogs / All hail the new kids / All hail the outlaws / Spielberg's and Kubrick's / [Verse 4] / It's our time to make a move / It's our time to make amends / It's our time to break the rules / Let's begin... / [Chorus] / And I say / Hey, hey hey hey / Living like we're renegades / Hey hey hey / Hey hey hey / Living like we're renegades / Renegades, renegades"
21,,,,,"[Produced by Cirkut, Dr. Luke, & Rock City] / [Intro: Usher] / Yeah / Ursher, baby / This is for the A / [Hook: Usher] / Shawty, I don’t mind / If you dance on a pole, that don’t make you a ho / Shawty, I don’t mind / When you work until three, if you’re leaving with me / Go make that money, money, money / Your money, money, money / Cause I know how it is, go and handle your biz / And get that money, money, money / Your money, money, money / You can take off your clothes, long as you coming home / Girl, I don’t mind / [Verse 1: Usher] / The ballers in here tonight, they gon’ buy a hundred bottles / As soon as you shake it I know they gon’ make it colossal in here / Cause shawty you thinkin’ them tricks that you do with your body / Got all of these niggas they crowding around you like they seen Beyonce in here / You want your own and you need your own, baby, who am I to judge? / Cause how could I ever trip about it when I met you in the club? / I make enough for the both of us, but you dance anyway / You know I was raised in the A / [Hook: Usher] / Shawty, I don’t mind / If you dance on a pole, that don’t make you a ho / Shawty, I don’t mind / When you work until three, if you’re leaving with me / Go make that money, money, money / Your money, money, money / Cause I know how it is, go and handle your biz / And get that money, money, money / Your money, money, money / You can take off your clothes, long as you coming home / Girl, I don’t mind / [Verse 2: Usher] / When you get off of work I’ll be ready to go in the ‘Rari / And when we get home we’ll have us our own private party in here / So I don’t worry at all about the things they do or say / I love you anyway / You can twerk while in a split, you racking up them tips / Your body rock and your booty poppin’, I’m proud to call you my bitch / They be lookin’, but they can’t touch you, shawty, I’m the only one to get it / So just go ahead and keep doing what you doing / [Hook: Usher] / Shawty, I don’t mind / If you dance on a pole, that don’t make you a ho / Shawty, I don’t mind / When you work until three, if you’re leaving with me / Go make that money, money, money / Your money, money, money / Cause I know how it is, go and handle your biz / And get that money, money, money / Your money, money, money / You can take off your clothes, long as you coming home / Girl, I don’t mind / [Verse 3: Juicy J] / (It's ya boy, Juicy J) / I’m just tryna cut her up, tryna bust a nut / Tryna take somebody bitch, turn her to a slut / Tryna fill my cup, tryna live it up / Throw some hundreds on that ass, walk her out the club / (Yeah, ho) / Lap dance for the first date / Bet I threw a few bands / , / that’s third base / It’s okay if you work late / We can still party like it’s your birthday / We can still party hard in your birthday suit / Knock that pussy out the park like my name Babe Ruth / Shawty she just want a tip, I just want to see her strip / If you fuck me like you love me shawty you might get rich / Have her own cake, her own place / Blow her own gas, no Rolaid / When we in the bed she like to roleplay / Tell her friend to join in both ways / [Hook: Usher] / Shawty, I don’t mind / If you dance on a pole, that don’t make you a ho / Shawty, I don’t mind / When you work until three, if you’re leaving with me / Go make that money, money, money / Your money, money, money / Cause I know how it is, go and handle your biz / And get that money, money, money / Your money, money, money / You can take off your clothes, long as you coming home / Girl, I don’t mind"
22,,,,,"[Music Video] / [Verse 1: Ariana Grande] / Tell me something I need to know / Then take my breath and never let it go / If you just let me invade your space / I’ll take the pleasure, take it with the pain / And if in the moment I bite my lip / Baby, in that moment, you’ll know this is / Something bigger than us and beyond bliss / Give me a reason to believe it / [Chorus: Ariana Grande] / Cause if you want to keep me / You gotta, gotta, gotta, gotta / Got to love me harder / And if you really need me / You gotta, gotta, gotta, gotta / Got to love me harder / (Lo-love me harder) / Ooh-ooh-ooh-ooh / Love me, love me, love me / Ooh-ooh-ooh-ooh / Harder, harder, harder / [Verse 2: The Weeknd] / I know your motives and you know mine / The ones that love me I tend to leave behind / If you know about me and choose to stay / Then take this pleasure and take it with the pain / And if in the moment you bite your lip / When I get you moaning, you know it's real / Can you feel the pressure between your hips? / I’ll make it feel like the first time / [Chorus: Ariana Grande & (The Weeknd)] / Cause if you want to keep me / You gotta, gotta, gotta, gotta / Got to love me harder / (I'ma love you harder) / And if you really need me / You gotta, gotta, gotta, gotta / Got to love me harder / (Lo-love me harder) / Ooh-ooh-ooh-ooh / Love me, love me, love me / Ooh-ooh-ooh-ooh / Harder, harder, harder / Ooh-ooh-ooh-ooh / Love me, love me, love me / Ooh-ooh-ooh-ooh / Harder, harder, harder / [Bridge: The Weeknd & (Ariana Grande)] / So what do I do if I can’t figure it out? / (You got to try, try, try again, yeah) / So what do I do if I can’t figure it out? / (I’m gonna leave, leave, leave again) / [Chorus: Ariana Grande & / (The Weekend) / ] / Cause if you want to keep me / You gotta, gotta, gotta, gotta / Got to love me harder / (I'ma love you, love you, love you) / And if you really need me / You gotta, gotta, gotta, gotta / Got to love me harder / (Got to love me, baby) / Cause if want to keep me / You gotta, gotta, gotta, gotta / Got to love me harder / (Love me harder) / And if you really need me / You gotta, gotta, gotta, gotta / (I'ma do it, do it, do it) / Got to love me harder / (I'ma love you harder) / [Outro: Ariana Grande] / Ooh-ooh-ooh-ooh love me, love me, love me / Ooh-ooh-ooh-ooh harder, harder, harder / Love me, love me, love me just a little bit harder"
23,,,,,"[Verse 1] / He said, “Let’s get out of this town / Drive out of this city, away from the crowds.” / I thought, ‘heaven can’t help me now.’ / Nothing lasts forever, but this is gonna take me down / [Pre-Chorus 1] / He’s so tall and handsome as hell / He’s so bad, but he does it so well / I can see the end as it begins / My one condition is / [Chorus] / Say you’ll remember me / Standing in a nice dress, staring at the sunset, babe / Red lips and rosy cheeks / Say you’ll see me again / , / even if it’s just in your / Wildest dreams, ah-aah ha / Wildest dreams, ah-aah ha / [Verse 2] / I said, “No one has to know what we do.” / His hands are in my hair, his clothes are in my room / And his voice is a familiar sound / Nothing lasts forever, but this is gettin’ good now / [Pre-Chorus 2] / He’s so tall and handsome as hell / He’s so bad, but he does it so well / And when we’ve had our very last kiss / My last request, it is / [Chorus] / Say you’ll remember me / Standing in a nice dress, staring at the sunset, babe / Red lips and rosy cheeks / Say you’ll see me again / , / even if it’s just in your / Wildest dreams, ah-aah ha / Wildest dreams, ah-aah ha / [Bridge] (2x) / You see me in hindsight / Tangled up with you all night / Bburning it down / Someday when you leave me / I bet these memories / Follow you around / [Breakdown] / Say you’ll remember me / Standing in a nice dress, staring at the sunset, babe / Red lips and rosy cheeks / Say you’ll see me again / Even if it’s just pretend / [Chorus] / Say you’ll remember me / Standing in a nice dress, staring at the sunset, babe / Red lips and rosy cheeks / Say you’ll see me again / , / even if it’s just in your / Wildest dreams, ah-aah ha / Wildest dreams, ah-aah ha / Even if it’s just in your / Wildest dreams, ah-aah ha / Wildest dreams, ah-aah ha / In your wildest dreams, ah-aah ha"
24,,,,,"[Verse 1] / Guess it's true, I'm not good at a one-night stand / But I still need love cause I'm just a man / These nights never seem to go to plan / I don't want you to leave, will you hold my hand? / [Chorus] / Oh won't you stay with me? / Cause you're all I need / This ain't love, it's clear to see / But darling, stay with me / [Verse 2] / Why am I so emotional? / No it's not a good look, gain some self control / And deep down I know this never works / But you can lay with me so it doesn't hurt / [Chorus] / Oh won't you stay with me? / Cause you're all I need / This ain't love, it's clear to see / But darling, stay with me / [Chorus] / Oh won't you stay with me? / Cause you're all I need / This ain't love, it's clear to see / But darling, stay with me / [Chorus] / Oh won't you stay with me? (Oh won't you stay, won't you stay) / Cause you're all I need / This ain't love, it's clear to see (This ain't love, no, no) / But darling, stay with me"
25,,,,,"[Produced by DJ Snake and George Reid] / Drive you insane / [Verse 1: AlunaGeorge] / Some people want me to be heads or tails / I say no way, try again, another day / I should be happy, not tipping the scales / I just won't play letting my life get away / [Pre-Hook: AlunaGeorge] / I'm no fool, no, I'm not a follower / I don't take things as they come / If they bring me down / Life can be cruel if you're a dreamer / I just wanna have some fun / Don't tell me what could be done / [Hook: AlunaGeorge] / You know you like it but it drives you insane / You know you like it but it drives you insane / You know you like it but you're scared of the shame / What you want, what you gonna do? / You know you like it but it drives you insane / Follow me cause you know that you wanna feel the same / You know you like it but it drives you insane / What you want, what you gonna do? / Drive you insane / Drive you insane / [Verse 2: AlunaGeorge] / If you wanna train me like an animal / Better keep your eye on my every move / There's no need to be, so damn cruel / Baby you got nothing to prove / [Pre-Hook: AlunaGeorge] / I'm no fool, no, I'm not a follower / I don't take things as they come / If they bring me down / Life can be cruel if you're a dreamer / I just wanna have some fun / Don't tell me what could be done / [Hook: AlunaGeorge] / You know you like it but it drives you insane / You know you like it but it drives you insane / You know you like it but you're scared of the shame / What you want, what you gonna do? / You know you like it but it drives you insane / Follow me cause you know that you wanna feel the same / You know you like it but it drives you insane / What you want, what you gonna do? / Drive you insane / Drive you insane / Drive you insane / Drive you insane / Drive you insane / Drive you insane / Drive you insane / Drive you insane / Drive you insane"
26,,,,,"[Intro] / I can move mountains / I can work a miracle, work a miracle / Oh, oh, keep you like an oath / May nothing but death do us part / [Chorus] / She wants to dance like Uma Thurman / Bury me 'til I confess / She wants to dance like Uma Thurman / And I can't get you out of my head / [Verse 1] / The stench, the stench, of summer sex / And CK Eternity, oh hell yes / Divide me down to the smallest I can be / Put your, put your v-v-v-venom in me / [Pre-Chorus] / I can move mountains / I can work a miracle, work a miracle / Oh, oh, keep you like an oath / May nothing but death do us apart / [Chorus] / She wants to dance like Uma Thurman / Bury me 'til I confess / She wants to dance like Uma Thurman / And I can't get you out of my head / [Verse 2] / The blood, the blood, the blood of the lamb / Is worth two lions, but here I am / And I slept in last night's clothes and tomorrow's dreams / But they're not quite what they seem / [Pre-Chorus] / I can move mountains / I can work a miracle, work a miracle / Oh, oh, keep you like an oath / May nothing but death do us apart / [Bridge] / You'll find your way / And may death find you alive / Take me down the line / In Gem City we turn the tide / You'll find your way / And may death find you alive / Take me down the line / In Gem City we turn the tide / [Chorus] / She wants to dance like Uma Thurman / Bury me 'til I confess / She wants to dance like Uma Thurman / And I can't get you out of my head / [Outro] / I can move mountains / I can work a miracle, work a miracle / Oh, oh, keep you like an oath / May nothing but death do us apart / I can move mountains / I can work a miracle, work a miracle / Oh, oh, keep you like an oath / May nothing but death do us apart"
27,,,,,"[Pre-Hook] / Shoulders sideways, smack it, smack it in the air / Legs movin' side to side, smack it in the air / Legs movin' side to side, smack you  in the air / Shoulders sideways, smack it, smack it in the air / Smack it, smack it in the air, legs movin' side to side / Smack it, smack it in the air; smack it, smack it in the air / [Hook] / Wave your hands side to side, put it in the air / Wave your hands side to side, put it in the air / Clap, clap, clap like you don't care / Smack that, clap, clap, clap, like you don't care / (I know you care) / [Verse 1] / Clap, clap, clap, clap, clap it / Foot up, my foot up, hold up now my foot up / I'm spinnin' my foot up, foot up yeah my foot up / I'm spinnin' my foot up, / put my foot down yeah my hands up / My hands up, my hands up (flexin') flexin' while my hands up / My hands up, my hands up, I stand up with my hands up / Then I put up, my hands up, I put up, my hands up / I put up, my hands up then I'm spinnin' all my hands up (spinnin') / Spinnin' while my hands up (spinnin') spinnin' while my hands up (spinnin') / Spinnin' while my hands up then I'm tippin' all my hands up / Spinnin', I'm spinnin', I'm spinnin' while my hands up / I'm spinnin', I'm spinnin', I'm spinnin' while my hands up / (Drank) / [Bridge] / Hold that cup like alcohol, oh let go like alcohol / Hold that cup like alcohol, don't you drop that alcohol / Never drop that alcohol, never drop that alcohol / I know you thinkin' about alcohol, I know I'm thinkin' bout that alcohol / [Verse 2] / Man this here like rollin' dice, man this here like rollin' dice / Seven eleven, seven eleven, seven twice, man seven twice / Man it feel like rollin' dice, man this feel like rollin' dice / Man it feel like rollin' dice, seven twice, seven twice / Girl I'm tryna kick it with ya, girl I'm tryna kick it with ya / Man I'm tryna kick it with ya, my feet up, I kick it with ya / Man I swear I kick it with ya, girl I wanna kick it with ya / Man I know I kick it with ya, yeah I spin around and I kick it with ya / [Pre-Hook] / Shoulders sideways, smack it, smack it in the air / Legs movin' side to side, smack it in the air / Legs movin' side to side, smack you  in the air / Shoulders sideways, smack it, smack it in the air / Smack it, smack it in the air, legs movin' side to side / Smack it, smack it in the air; smack it, smack it in the air / [Hook] / Wave your hands side to side, put it in the air / Wave your hands side to side, put it in the air / Clap, clap, clap like you don't care / Smack that, clap, clap, clap, like you don't care / (I know you care) / [Outro] / Wave ya hands side to side / Wave ya hands side to side / Wave ya hands from side to side / Wave ya hands side to side / Ooh wee Bey be freaky deaky, think me see she pink bikini / Rock that groovy dye dashiki, / Nefertiti, edges kinky / Sweatin' out my blow out, sweatin' out my presses / This trick about to go off, mad cause I'm so fresh / Fresher than you, I'm fresher than you / Fresher than you, oh"
28,,,,,"[Official Video Intro] / When I was on, when I was on stage and I was thinking of... / I felt like I know, I know him though / And I know that, and I know his heart / And I know what he wouldn't do to hurt me / But I didn't realize that I-I-I feeling so confident / Feeling so great about myself / And then it just be completely shattered / By one thing, by something so stupid / But then you make me feel crazy / You make me feel like it's my fault / I was in pain / [Intro] / What the heart wants / What the heart wants / What the heart wants / [Verse 1] / You got me sipping on something / I can't compare to nothing I've ever known / I'm hoping that after this fever I'll survive / I know I'm acting a bit crazy / Strung out, a little bit hazy / Hand over heart, I'm praying / That I'm gonna make it out alive / [Pre-Chorus] / The bed's getting cold and you're not here / The future that we hold is so unclear / But I'm not alive until you call / And I'll bet the odds against it all / Save your advice, cause I won't hear / You might be right, but I don't care / There's a million reasons / Why I should give you up / [Chorus] / But the heart wants what it wants / The heart wants what it wants / [Verse 2] / You got me scattered in pieces / Shining like stars and screaming / Lighting me up like Venus / But then you disappear and make me wait / And every second's like torture / Heroin drip, no more so / Finding a way to let go / Baby, baby, no I can't escape / [Pre-Chorus] / The bed's getting cold and you're not here / The future that we hold is so unclear / But I'm not alive until you call / And I'll bet the odds against it all / Save your advice, cause I won't hear / You might be right, but I don't care / There's a million reasons / Why I should give you up / [Chorus] / But the heart wants what it wants / The heart wants what it wants / But the heart wants what it wants / The heart wants what it wants / [Bridge] / This is a modern fairytale / No happy endings / , no wind in our sails / But I can't imagine a life without / Breathless moments, breaking me down / Down, down, down / [Pre-Chorus] / The bed's getting cold and you're not here / The future that we hold is so unclear / But I'm not alive until you call / And I'll bet the odds against it all / Save your advice, cause I won't hear / You might be right, but I don't care / There's a million reasons / Why I should give you up / [Chorus] / But the heart wants what it wants / The heart wants what it wants / But the heart wants what it wants / The heart wants what it wants / [Outro] / The heart wants what it wants, baby / The heart wants what it wants, baby / It wants what it wants / It wants what it wants"
29,,,,,"[Verse 1] / I gotta girl crush, hate to admit it but / I gotta heart rush, ain’t slowin’ down / I got it real bad, want everything she has / That smile and the midnight laugh she’s givin’ you now / [Chorus] / I wanna taste her lips, yeah, ‘cause they taste like you / I wanna drown myself in a bottle of her perfume / I want her long blonde hair, I want her magic touch / Yeah, ‘cause maybe then, you’d want me just as much / I gotta girl crush, I gotta girl crush / [Verse 2] / I don’t get no sleep, I don’t get no peace / Thinkin’ about her under your bed sheets / The way that she’s whisperin’, the way that she’s pullin’ you in / Lord knows I’ve tried, I can’t get her off my mind / [Chorus] / I wanna taste her lips, yeah, ‘cause they taste like you / I wanna drown myself in a bottle of her perfume / I want her long blonde hair, I want her magic touch / Yeah, ‘cause maybe then, you’d want me just as much / I gotta girl crush, I gotta girl crush / I gotta girl crush, hate to admit it but / I gotta heart rush, it ain’t slowin’ down"
30,,,,,"[Verse 1] / I know you got all dressed up for the club / Waiting on a nigga come pick you up / Baby, ooh, when I saw ya walking out the door / Ooh, I just knew ya needed something more / Now whip it straight back to the crib, ay / Finna give you something that you won't forget, no / Baby, ooh, I just wanna get you out them clothes / Ooh, I just wanna see you dance in / [Chorus] / Slow motion / We can take, we can take, we can take our time, baby / In slow motion / We can take, we can take, we can take our time, stay here / In slow motion / [Verse 2] / So shawty, let your hair down and take a sip / Gon' put this joint between your lips / Baby, ooh, why don't you make yourself comfortable? / Ooh, while I go and put this tongue on you / So tell me when you ready, I'ma speed it up for you just for a second / Just for a second, then I'ma slow it back down and keep it steady / Ooh baby, now that you are out them clothes / Ooh, I just wanna see you dance in / [Hook] / Slow motion / We can take, we can take, we can take our time, baby / In slow motion / We can take, we can take, we can take our time, stay here / In slow motion / [Bridge] / Oh darling, I just wanna get you out them clothes / Oh, I just wanna see you dance in slow motion / [Chorus] / Slow motion / We can take, we can take, we can take our time, baby / In slow motion / We can take, we can take, we can take our time, stay here"
31,,,,,"[Verse 1: Harry] / I've got fire for a heart, I'm not scared of the dark / You've never seen it look so easy / I got a river for a soul, and baby you're a boat / Baby, you're my only reason / [Pre-Chorus: Louis] / If I didn't have you there would be nothing left / The shell of a man who could never be his best / If I didn't have you, I'd never see the sun / You taught me how to be someone, yeah / [Chorus: Liam & / Niall / & (Louis) & / Harry / ​] / All my life, you stood by me / When no one else was ever behind me / All these lights, they can't blind me / With your love, nobody can drag me down / All my life, you stood by me / When no one else was ever behind me / All these lights, they can't blind me / With your love, nobody can drag me down / (Nobody, nobody) / ​Nobody can drag me down​ / (Nobody, nobody) / ​Nobody can drag me down / ​ / [Verse 2: Niall] / I've got fire for a heart, I'm not scared of the dark / You've never seen it look so easy / I got a river for a soul, and baby you're a boat / Baby you're my only reason / [Pre-Chorus: Harry] / If I didn't have you there would be nothing left / The shell of a man who could never be his best / If I didn't have you I'd never see the sun / You taught me how to be someone, yeah / [Chorus: Niall & / Louis / & (Harry) & / ​Liam / ​] / All my life, you stood by me / When no one else was ever behind me / All these lights, they can't blind me / With your love, nobody can drag me down / Nobody, nobody / (Nobody can drag me down) / Nobody, nobody / (Nobody can drag me) / ​All my life, you stood by me / When no one else was ever behind me / All these lights, they can't blind me / With your love, nobody can drag me down / All my life, you stood by me / When no one else was ever behind me / All these lights, they can't blind me / With your love, nobody can drag me down / Nobody, nobody / (Nobody can drag me down) / Nobody, nobody / (Nobody can drag me) / Nobody, nobody / (Nobody can drag me down) / Nobody, nobody / (Nobody can drag me down)"
32,,,,,"[Verse 1: Drake] / Uh, thinkin' out loud / I must have a quarter million on me right now / Hard to make a song 'bout somethin' other than the money / Two things I'm about is talkin' blunt and staying blunted / Pretty women, are you here? / Are you here right now, huh? / We should all disappear right now / Look, you're gettin' all your friends and you're gettin' in the car / And you're comin' to the house, are we clear right now, huh? / You see the fleet of all the new things / Cop cars with the loose change / All white like I move things / Niggas see me rollin' and they mood change / Like a muhfucka / New flow, I got a dozen of 'em / I don't trust you, you a undercover / I could probably make some step-sisters fuck each other / Whoop! Talkin' filets with the truffle butter / Fresh sheets and towels, man she gotta love it / Yeah, they all get what they desire from it / What, tell them niggas we ain't hidin' from it / [Verse 2: Nicki Minaj] / Yo, thinkin' out loud / I must have about a milli on me right now / And I ain't talkin' about that Lil Wayne record / I'm still the highest sellin' female rapper, for the record / Man, this a 65 million single sold / I ain't gotta compete with a single soul / I'm good with the ballpoint game, finger roll / Ask me how to do it, I don't tell a single soul / Pretty women, wassup? Is you here right now? / You a stand-up or is you in your chair, right now? / Uhh, do you hear me? I can't let a wack nigga get near me / I might kiss the baddest bitch, if you dare me / I ain't never need a man, to take care of me / Yo, I'm in that big boy, bitches can't rent this / I floss everyday, but I ain't a dentist / Your whole style and approach, I invented / And I ain't takin' that back, cause I meant it / [Verse 3: Lil Wayne] / Uh, thinkin' out loud / I could be broke and keep a million dollar smile / LOL to the bank, check in my account / Bank teller flirtin' after checkin' my account / Pretty ladies, are you here? Truffle butter on your pussy / Cuddle buddies on the low / You ain't gotta tell your friend that I eat it in the morning / Cause she gonna say ""I know"" / Can I hit it in the bathroom? Put your hands on the toilet / I'll put one leg on the tub / Girl, this my new dance move, I just don't know what to call it / But bitch you dancing with the stars / I ain't nothin' like your last dude, what's his name? Not important / I bought some cocaine, you can snort it / She became a vacuum, put it on my dick like carpet / Suck the white off white chocolate / I'm so heartless, thoughtless, lawless and flawless / Smallest regardless, largest in charge / And born in New Orleans, get killed for Jordans / Skateboard, I'm gnarly; Drake, Tunechi and Barbie / You know / [Produced by Nineteen85]"
33,34.0,Photograph,Ed-Sheeran,http://genius.com/Ed-Sheeran-Photograph-lyrics,
34,35.0,Hello,Adele,http://genius.com/Adele-Hello-lyrics,
35,36.0,Stitches,Shawn-Mendes,http://genius.com/Shawn-Mendes-Stitches-lyrics,
36,37.0,Talking-Body,Tove-Lo,http://genius.com/Tove-Lo-Talking-Body-lyrics,
37,38.0,Jealous,Nick-Jonas,http://genius.com/Nick-Jonas-Jealous-lyrics,
38,39.0,Time-of-Our-Lives,Pitbull,http://genius.com/Pitbull-Time-of-Our-Lives-lyrics,
39,40.0,Locked-Away,R-City,http://genius.com/R-City-Locked-Away-lyrics,
40,41.0,Somebody,Natalie-La-Rose,http://genius.com/Natalie-La-Rose-Somebody-lyrics,
41,42.0,FourFiveSeconds,Rihanna,http://genius.com/Rihanna-FourFiveSeconds-lyrics,
42,43.0,Centuries,Fall-Out-Boy,http://genius.com/Fall-Out-Boy-Centuries-lyrics,
43,44.0,My-Way,Fetty-Wap,http://genius.com/Fetty-Wap-My-Way-lyrics,
44,45.0,Take-Your-Time,Sam-Hunt,http://genius.com/Sam-Hunt-Take-Your-Time-lyrics,
45,46.0,Animals,Maroon-5,http://genius.com/Maroon-5-Animals-lyrics,
46,47.0,I-Dont-Fuck-with-You,Big-Sean,http://genius.com/Big-Sean-I-Dont-Fuck-with-You-lyrics,
47,48.0,Bitch-Better-Have-My-Money,Rihanna,http://genius.com/Rihanna-Bitch-Better-Have-My-Money-lyrics,
48,49.0,Flex-Ooh-Ooh-Ooh,Rich-Homie-Quan,http://genius.com/Rich-Homie-Quan-Flex-Ooh-Ooh-Ooh-lyrics,
49,50.0,Nasty-Freestyle,T-Wayne,http://genius.com/T-Wayne-Nasty-Freestyle-lyrics,
50,51.0,Only,Nicki-Minaj,http://genius.com/Nicki-Minaj-Only-lyrics,
51,52.0,Elastic-Heart,Sia,http://genius.com/Sia-Elastic-Heart-lyrics,
52,53.0,Cool-for-the-Summer,Demi-Lovato,http://genius.com/Demi-Lovato-Cool-for-the-Summer-lyrics,
53,54.0,Renegades,X-Ambassadors,http://genius.com/X-Ambassadors-Renegades-lyrics,
54,55.0,I-Dont-Mind,Usher,http://genius.com/Usher-I-Dont-Mind-lyrics,
55,56.0,Love-Me-Harder,Ariana-Grande,http://genius.com/Ariana-Grande-Love-Me-Harder-lyrics,
56,57.0,Wildest-Dreams,Taylor-Swift,http://genius.com/Taylor-Swift-Wildest-Dreams-lyrics,
57,58.0,Stay-with-Me,Sam-Smith,http://genius.com/Sam-Smith-Stay-with-Me-lyrics,
58,59.0,You-Know-You-Like-It,DJ-Snake,http://genius.com/DJ-Snake-You-Know-You-Like-It-lyrics,
59,60.0,Uma-Thurman,Fall-Out-Boy,http://genius.com/Fall-Out-Boy-Uma-Thurman-lyrics,
60,61.0,7-11,Beyonce,http://genius.com/Beyonce-7-11-lyrics,
61,62.0,The-Heart-Wants-What-It-Wants,Selena-Gomez,http://genius.com/Selena-Gomez-The-Heart-Wants-What-It-Wants-lyrics,
62,63.0,Girl-Crush,Little-Big-Town,http://genius.com/Little-Big-Town-Girl-Crush-lyrics,
63,64.0,Slow-Motion,Trey-Songz,http://genius.com/Trey-Songz-Slow-Motion-lyrics,
64,65.0,Drag-Me-Down,One-Direction,http://genius.com/One-Direction-Drag-Me-Down-lyrics,
65,66.0,Truffle-Butter,Nicki-Minaj,http://genius.com/Nicki-Minaj-Truffle-Butter-lyrics,
